Contract,Address
SwiftMessageNFT,0x47c2B4284a23666301e16408e473C7A05b0A1B56
GenieBrokerSBT,0x8740e6dfae81ef8bfca6b13a3f72787198154142
CapriceRequestNFT,0x649ffd3f41e5839d31cc802ddf5062f86a7963ac
MatrixQuoteNFT,0x98b3060a3a5867ef09b8814946a6b53c13bd4aac
BrokerQuoteNFT,0x95ca17addf2d0a5f0265c1111a757ae421c3fe0e
DealTrackerNFT,0xd02cbbcad44191dc41b1f688e720db9f716bca38
CustomerLOANFT,0xf3539302cf71333fb30a109ee3893e7534214eb0
CommissionReceiptNFT,0xaccd3f54aa64d1f6312024881024478efbd3d27f
AgentProfileNFT,0x15b671f5e4bd1f3ddfa5ed03e38aefa2fba6ec27
